,missing_%,mean_observed,mean_after,std_observed,std_after,mean_shift_%
MinTemp,0.08,12.974,12.974,6.504,6.503,0.0
MaxTemp,0.05,23.859,23.859,6.929,6.929,0.0
Rainfall,0.76,2.432,2.44,9.278,9.263,0.33
Evaporation,10.55,5.534,5.491,4.164,4.06,-0.78
Sunshine,14.55,7.643,7.643,3.775,3.696,0.0
WindGustSpeed,3.37,40.787,40.75,13.555,13.464,-0.09
WindSpeed9am,0.82,15.319,15.319,8.646,8.626,0.0
WindSpeed3pm,0.81,19.764,19.768,8.61,8.588,0.02
Humidity9am,0.34,66.831,66.849,18.534,18.528,0.03
Humidity3pm,0.25,50.089,50.089,20.255,20.255,0.0
Pressure9am,0.78,1017.448,1017.454,7.061,7.046,0.0
Pressure3pm,0.78,1015.007,1015.014,6.997,6.981,0.0
Cloud9am,9.72,4.358,4.317,2.837,2.772,-0.94
Cloud3pm,11.55,4.418,4.36,2.685,2.611,-1.31
Temp9am,0.15,17.759,17.755,6.568,6.566,-0.02
Temp3pm,0.09,22.363,22.362,6.787,6.786,-0.0
